기능	경로	활동	act_type	click_type	key	value	no	page_id	click_type	act_type	click_text	keys_combined	values_combined	key_count
커머스	0. 공통	상단 탭 클릭	click	상단 탭	page_id, click_text, order	{{page_id}}, {{탭 이름}}, {{탭 순서}}	1	store/main/home	상단 탭	click	홈	channel, page_url, page_id, act_type, click_text, click_type, order, os_name	Rround, https://store.rround.com/main/home, store/main/home, click, 홈, 상단 탭, 1, iOS	8
커머스	0. 공통	하단 GNB 클릭	click	하단 GNB	page_id, click_text, order	{{page_id}}, {{GNB 이름}}, {{GNB 순서}}								
커머스	0. 공통	검색 아이콘 클릭	click	검색 아이콘	page_id, tab_name	{{page_id}}, {{탭 이름}}								
커머스	0. 공통	장바구니 아이콘 클릭	click	장바구니 아이콘	page_id, tab_name	{{page_id}}, {{탭 이름}}								
커머스	0. 공통	스크롤	scroll		page_id, area_name, area_order	{{page_id}}, {{영역 TEXT}}, {{영역 순서}}								
커머스	1. 스토어 홈 (메인)	스토어 홈 (메인) 조회	pageview		page_id	{{page_id}}	6	store/main/home		pageview		channel, page_url, referer_url, page_id, act_type, os_name	Rround, https://store.rround.com/main/home, https://store.rround.com/main/home, store/main/home, pageview, iOS	6
커머스	1. 스토어 홈 (메인)	스크롤	scroll		page_id, area_name, area_order	{{page_id}}, {{영역 TEXT}}, {{영역 순서}}	7	store/favorite		scroll		channel, page_url, page_id, act_type, scroll_rate, os_name	Rround, https://store.rround.com/favorite?fromMypage=true&amp;tab=goods, store/favorite, scroll, 50, iOS	6
커머스	1. 스토어 홈 (메인)	퀵버튼 클릭	click	퀵버튼	page_id, click_text	{{page_id}}, {{퀵버튼 이름}}								
커머스	1. 스토어 홈 (메인)	배너 노출	impression		page_id, banner_id, banner_url, banner_order, banner_position	{{page_id}}, {{배너 id}}, {{배너 랜딩 url}}, {{배너 순서}}, {{배너 위치}}	9	store/main/home		impression		channel, page_url, page_id, act_type, banner_position, os_name	Rround, https://store.rround.com/main/home, store/main/home, impression, 하단 팝업 배너, iOS	6
커머스	1. 스토어 홈 (메인)	배너 클릭	click	배너	page_id, banner_id, banner_url, banner_order, banner_position	{{page_id}}, {{배너 id}}, {{배너 랜딩 url}}, {{배너 순서}}, {{배너 위치}}	10	store/main/home		click	상단 배너이미지	channel, page_url, page_id, act_type, click_text, banner_id, banner_url, banner_position, banner_order, os_name	Rround, https://store.rround.com/main/home, store/main/home, click, 상단 배너이미지, 9, rround://store?category=web&amp;landingType=I&amp;landingUrl=https://store.rround.com/main/exhibition/9, 커머스 메인 상단 배너, 2, iOS	10
커머스	1. 스토어 홈 (메인)	상품 클릭 (있는 정보만 수집)	click	상품	page_id, area_name, area_order, prd_code, prd_order, prd_brand, prd_name, prd_price_origin, prd_price_final, prd_disc_rate, prd_tag, prd_review_score, prd_review_cnt, prd_is_ad	{{page_id}}, {{영역 TEXT}}, {{영역 순서}}, {{상품 코드}}, {{상품 순서}}, {{브랜드}}, {{상품명}}, {{가격}}, {{할인 가격}}, {{할인율}}, {{상품 태그}}, {{별 점}}, {{리뷰 수}}, {{광고 상품 여부}}	11	store/category/detail/16	상품	click	트리밀데이즈 루테인 밀크씨슬 프리미엄 900mg*30캡슐	channel, page_url, page_id, act_type, click_text, click_type, ctgr_depth1, prd_code, prd_name, prd_brand, prd_price_origin, prd_price_final, prd_disc_rate, prd_is_ad, os_name	Rround, https://store.rround.com/category/detail/16, store/category/detail/16, click, 트리밀데이즈 루테인 밀크씨슬 프리미엄 900mg*30캡슐, 상품, 헬스/건강식품, 5105, 트리밀데이즈 루테인 밀크씨슬 프리미엄 900mg*30캡슐, 제이앤스토어, 15900원, 10800원, 32%, F, iOS	15
커머스	1. 스토어 홈 (메인)	찜하기 클릭 - 상품 찜하기 (있는 정보만 수집)	click	상품 찜하기	page_id, area_name, area_order, prd_code, prd_order, prd_brand, prd_name, prd_price_origin, prd_price_final, prd_disc_rate, prd_tag, prd_review_score, prd_review_cnt, prd_is_ad	{{page_id}}, {{영역 TEXT}}, {{영역 순서}}, {{상품 코드}}, {{상품 순서}}, {{브랜드}}, {{상품명}}, {{가격}}, {{할인 가격}}, {{할인율}}, {{상품 태그}}, {{별 점}}, {{리뷰 수}}, {{광고 상품 여부}}	12	store/main/home	상품 찜하기	click		channel, page_url, page_id, act_type, click_type, tab_name, area_order, prd_code, prd_name, prd_brand, prd_price_origin, prd_price_final, prd_disc_rate, prd_is_ad, el_order, os_name	"Rround, https://store.rround.com/main/home, store/main/home, click, 상품 찜하기, 식품
, 1/7, 8038, 바비리스 버터 바 스트레이트너 ST520K, 최우수판매대리점, 59000원, 26000원, 55%, F, 5, iOS"	16
커머스	1. 스토어 홈 (메인)	더보기 클릭	click	더보기	page_id, area_name, click_text	{{page_id}}, {{영역 TEXT}}, {{더보기 이름}}								
커머스	1. 스토어 홈 (메인)	메인 하단 팝업 배너 노출	impression		page_id, banner_id, banner_url, banner_order, banner_position	{{page_id}}, {{배너 id}}, {{배너 랜딩 url}}, {{배너 순서}}, {{배너 위치}}								
커머스	1. 스토어 홈 (메인)	메인 하단 팝업 배너 클릭	click	배너	page_id, banner_id, banner_url, banner_order, banner_position	{{page_id}}, {{배너 id}}, {{배너 랜딩 url}}, {{배너 순서}}, {{배너 위치}}								
커머스	2. 랭킹	랭킹 페이지 조회	pageview		page_id	{{page_id}}	16	store/main/ranking		pageview		channel, page_url, referer_url, page_id, act_type, os_name	Rround, https://store.rround.com/main/ranking, https://store.rround.com/main/home, store/main/ranking, pageview, iOS	6
커머스	2. 랭킹	스크롤	scroll		page_id, area_name	{{page_id}}, {{영역 TEXT}}	17	store/main/ranking		scroll		channel, page_url, page_id, act_type, area_name, os_name	Rround, https://store.rround.com/main/ranking, store/main/ranking, scroll, 카테고리, iOS	6
커머스	2. 랭킹	인기 검색어 클릭	click	인기 검색어	page_id, srch_kwd, kwd_rank, kwd_ctgr	{{page_id}}, {{검색어}}, {{검색어 순위}}, {{검색어 카테고리}}	18	store/main/ranking	인기검색어	click		channel, page_url, page_id, act_type, click_type, os_name	Rround, https://store.rround.com/main/ranking, store/main/ranking, click, 인기검색어, iOS	6
커머스	2. 랭킹	카테고리 탭 클릭	click	카테고리 탭	page_id, click_text	{{page_id}}, {{카테고리 탭 이름}}	19	store/main/ranking	카테고리 탭	click	홈인테리어	channel, page_url, page_id, act_type, click_text, click_type, tab_name, os_name	"Rround, https://store.rround.com/main/ranking, store/main/ranking, click, 홈인테리어, 카테고리 탭, 홈인테리어
, iOS"	8
커머스	2. 랭킹	필터 클릭	click	필터	page_id, prd_filter	{{page_id}}, {{필터 이름}}	20	store/main/ranking	칩버튼	click	전체 / 전체	channel, page_url, page_id, act_type, click_text, click_type, os_name	Rround, https://store.rround.com/main/ranking, store/main/ranking, click, 전체 / 전체, 칩버튼, iOS	7
커머스	2. 랭킹	상품 클릭 (있는 정보만 수집)	click	상품	page_id, area_name, area_order, prd_code, prd_order, prd_brand, prd_name, prd_price_origin, prd_price_final, prd_disc_rate, prd_tag, prd_review_score, prd_review_cnt, prd_is_ad	{{page_id}}, {{영역 TEXT}}, {{영역 순서}}, {{상품 코드}}, {{상품 순서}}, {{브랜드}}, {{상품명}}, {{가격}}, {{할인 가격}}, {{할인율}}, {{상품 태그}}, {{별 점}}, {{리뷰 수}}, {{광고 상품 여부}}	21	store/main/ranking	상품	click	슈즈랙 신발정리대 20p	channel, page_url, page_id, act_type, click_text, click_type, tab_name, prd_code, prd_name, prd_brand, prd_price_origin, prd_price_final, prd_disc_rate, prd_review_cnt, prd_review_score, prd_is_ad, el_order, os_name	"Rround, https://store.rround.com/main/ranking, store/main/ranking, click, 슈즈랙 신발정리대 20p, 상품, 홈인테리어
, 5768, 슈즈랙 신발정리대 20p, Jeepsaram 집사람, 14000원, 11200원, 20%, 3, 5, F, 1, iOS"	18
커머스	2. 랭킹	찜하기 클릭 - 상품 찜하기 (있는 정보만 수집)	click	상품 찜하기	page_id, area_name, area_order, prd_code, prd_order, prd_brand, prd_name, prd_price_origin, prd_price_final, prd_disc_rate, prd_tag, prd_review_score, prd_review_cnt, prd_is_ad	{{page_id}}, {{영역 TEXT}}, {{영역 순서}}, {{상품 코드}}, {{상품 순서}}, {{브랜드}}, {{상품명}}, {{가격}}, {{할인 가격}}, {{할인율}}, {{상품 태그}}, {{별 점}}, {{리뷰 수}}, {{광고 상품 여부}}	22	store/main/ranking	상품 찜하기	click		channel, page_url, page_id, act_type, click_type, tab_name, prd_code, prd_name, prd_brand, prd_price_origin, prd_price_final, prd_disc_rate, prd_review_cnt, prd_review_score, prd_is_ad, el_order, os_name	"Rround, https://store.rround.com/main/ranking, store/main/ranking, click, 상품 찜하기, 홈인테리어
, 5768, 슈즈랙 신발정리대 20p, Jeepsaram 집사람, 14000원, 11200원, 20%, 3, 5, F, 1, iOS"	17
커머스	2. 랭킹	배너 노출	impression		page_id, banner_id, banner_url, banner_order	{{page_id}}, {{배너 id}}, {{배너 랜딩 url}}, {{배너 순서}}								
커머스	2. 랭킹	배너 클릭	click	배너	page_id, banner_id, banner_url, banner_order	{{page_id}}, {{배너 id}}, {{배너 랜딩 url}}, {{배너 순서}}								
커머스	3. 타임딜	타임딜 페이지 조회	pageview		page_id	{{page_id}}	25	store/main/deal		pageview		channel, page_url, referer_url, page_id, act_type, os_name	Rround, https://store.rround.com/main/deal, https://store.rround.com/main/ranking, store/main/deal, pageview, iOS	6
커머스	3. 타임딜	스크롤	scroll		page_id, area_name, area_order	{{page_id}}, {{영역 TEXT}}, {{영역 순서}}	26	store/main/deal		scroll		channel, page_url, page_id, act_type, scroll_rate, os_name	Rround, https://store.rround.com/main/deal, store/main/deal, scroll, 25, iOS	6
커머스	3. 타임딜	상품 클릭 (있는 정보만 수집)	click	상품	page_id, area_name, area_order, prd_code, prd_order, prd_brand, prd_name, prd_price_origin, prd_price_final, prd_disc_rate, prd_is_ad	{{page_id}}, {{영역 TEXT}}, {{영역 순서}}, {{상품 코드}}, {{상품 순서}}, {{브랜드}}, {{상품명}}, {{가격}}, {{할인 가격}}, {{할인율}}, {{광고 상품 여부}}	27	store/main/deal	상품	click	[닥터포헤어] 1+1 바이오3 탈모완화 샴푸 500ml	channel, page_url, page_id, act_type, click_text, click_type, area_name, prd_code, prd_name, prd_brand, prd_price_origin, prd_disc_rate, prd_is_ad, os_name	Rround, https://store.rround.com/main/deal, store/main/deal, click, [닥터포헤어] 1+1 바이오3 탈모완화 샴푸 500ml, 상품, 무더운 여름 케어의 시작, 8070, [닥터포헤어] 1+1 바이오3 탈모완화 샴푸 500ml, 닥터포헤어, 28900원, 9%, F, iOS	14
커머스	3. 타임딜	찜하기 클릭 (있는 정보만 수집)	click	상품 찜하기	page_id, area_name, area_order, prd_code, prd_order, prd_brand, prd_name, prd_price_origin, prd_price_final, prd_disc_rate, prd_is_ad	{{page_id}}, {{영역 TEXT}}, {{영역 순서}}, {{상품 코드}}, {{상품 순서}}, {{브랜드}}, {{상품명}}, {{가격}}, {{할인 가격}}, {{할인율}}, {{광고 상품 여부}}	28	store/main/deal	상품 찜하기	click		channel, page_url, page_id, act_type, click_type, area_name, prd_code, prd_name, prd_brand, prd_price_origin, prd_disc_rate, prd_is_ad, os_name	Rround, https://store.rround.com/main/deal, store/main/deal, click, 상품 찜하기, 무더운 여름 케어의 시작, 8070, [닥터포헤어] 1+1 바이오3 탈모완화 샴푸 500ml, 닥터포헤어, 28900원, 9%, F, iOS	13
커머스	4. 기획전 - 목록타입	기획전-목록타입 조회	pageview		page_id, exh_id, exh_name, exh_tag	{{page_id}}, {{기획전 id}}, {{기획전 제목}}, {{태그}}	29	store/main/exhibition		scroll		channel, page_url, page_id, act_type, scroll_rate, os_name	Rround, https://store.rround.com/main/exhibition, store/main/exhibition, scroll, 25, iOS	6
커머스	4. 기획전 - 목록타입	기획전 리스트 클릭	click	기획전 리스트	page_id, exh_id, exh_name, exh_tag	{{page_id}}, {{기획전 id}}, {{기획전 제목}}, {{태그}}	30	store/main/exhibition/9	기획전 리스트	click	너의 하루에 스며든 작은 여유	channel, page_url, page_id, act_type, click_text, click_type, exh_id, exh_name, banner_id, exh_tag, os_name	Rround, https://store.rround.com/main/exhibition/9, store/main/exhibition/9, click, 너의 하루에 스며든 작은 여유, 기획전 리스트, 9, 너의 하루에 스며든 작은 여유, 9, #비스카 #주방용품# #식기 #그릇 #냄비, iOS	11
커머스	5. 기획전 - 상세타입	기획전-상세타입 조회	pageview		page_id	{{page_id}}	31	store/main/exhibition/9		pageview		channel, page_url, referer_url, page_id, act_type, exh_id, exh_name, os_name	Rround, https://store.rround.com/main/exhibition/9, https://store.rround.com/main/exhibition/9, store/main/exhibition/9, pageview, 9, 너의 하루에 스며든 작은 여유, iOS	8
커머스	5. 기획전 - 상세타입	더보기 클릭	click	더보기	page_id, click_text	{{page_id}}, {{더보기 이름}}	32	store/main/exhibition	더보기	click	기획전 구경하러 가기	channel, page_url, page_id, act_type, click_text, click_type, os_name	Rround, https://store.rround.com/main/exhibition, store/main/exhibition, click, 기획전 구경하러 가기, 더보기, iOS	7
커머스	5. 기획전 - 상세타입	필터 클릭	click	필터	page_id, prd_filter	{{page_id}}, {{필터 이름}}	33	store/main/exhibition/9	필터	click	필터	channel, page_url, page_id, act_type, click_text, click_type, os_name	Rround, https://store.rround.com/main/exhibition/9, store/main/exhibition/9, click, 필터, 필터, iOS	7
커머스	5. 기획전 - 상세타입	칩버튼 클릭	click	칩버튼	page_id, click_text	{{page_id}}, {{칩버튼 이름}}								
커머스	5. 기획전 - 상세타입	카테고리 탭 클릭	click	카테고리 탭	page_id, click_text	{{page_id}}, {{카테고리 탭 이름}}	35	store/main/exhibition/9	카테고리 탭	click	생활가전	channel, page_url, page_id, act_type, click_text, click_type, tab_name, os_name	"Rround, https://store.rround.com/main/exhibition/9, store/main/exhibition/9, click, 생활가전, 카테고리 탭, 생활가전
, iOS"	8
커머스	5. 기획전 - 상세타입	상품 클릭 (있는 정보만 수집)	click	상품	page_id, prd_code, prd_order, prd_brand, prd_name, prd_price_origin, prd_price_final, prd_disc_rate, prd_tag, prd_review_score, prd_review_cnt, prd_is_ad	{{page_id}}, {{상품 코드}}, {{상품 순서}}, {{브랜드}}, {{상품명}}, {{가격}}, {{할인 가격}}, {{할인율}}, {{상품 태그}}, {{별 점}}, {{리뷰 수}}, {{광고 상품 여부}}								
커머스	5. 기획전 - 상세타입	찜하기 클릭 - 상품 찜하기 (있는 정보만 수집)	click	상품 찜하기	page_id, prd_code, prd_order, prd_brand, prd_name, prd_price_origin, prd_price_final, prd_disc_rate, prd_tag, prd_review_score, prd_review_cnt, prd_is_ad	{{page_id}}, {{상품 코드}}, {{상품 순서}}, {{브랜드}}, {{상품명}}, {{가격}}, {{할인 가격}}, {{할인율}}, {{상품 태그}}, {{별 점}}, {{리뷰 수}}, {{광고 상품 여부}}								
커머스	6. 혜택 모아보기	혜택 모아보기 조회	pageview		page_id	{{page_id}}								
커머스	6. 혜택 모아보기	퀵버튼 클릭	click	퀵버튼	page_id, click_text	{{page_id}}, {{퀵버튼 이름}}								
커머스	6. 혜택 모아보기	칩버튼 클릭	click	칩버튼	page_id, click_text	{{page_id}}, {{칩버튼 이름}}								
커머스	6. 혜택 모아보기	이벤트 노출	impression		page_id, event_id, event_name	{{page_id}}, {{이벤트 id}}, {{이벤트 제목}}								
커머스	6. 혜택 모아보기	이벤트 클릭	click	이벤트	page_id, event_id, event_name	{{page_id}}, {{이벤트 id}}, {{이벤트 제목}}								
커머스	6. 혜택 모아보기	배너 노출	impression		page_id, banner_id, banner_url, banner_order	{{page_id}}, {{배너 id}}, {{배너 랜딩 url}}, {{배너 순서}}								
커머스	6. 혜택 모아보기	배너 클릭	click	배너	page_id, banner_id, banner_url, banner_order	{{page_id}}, {{배너 id}}, {{배너 랜딩 url}}, {{배너 순서}}								
커머스	7-0. 상품 상세 페이지 - 공통	상품 상세 페이지 조회	pageview		page_id, tab_name, prd_code, prd_brand, prd_name, prd_price_origin, prd_price_final, prd_disc_rate, prd_tag, prd_review_score, prd_review_cnt	{{page_id}}, {{탭 이름}}, {{상품 코드}}, {{브랜드}}, {{상품명}}, {{가격}}, {{할인 가격}}, {{할인율}}, {{상품 태그}}, {{별 점}}, {{리뷰 수}}	45	store/product/detail/5105		pageview		channel, page_url, referer_url, page_id, act_type, tab_name, prd_code, prd_name, prd_brand, prd_price_origin, prd_price_final, prd_disc_rate, prd_review_cnt, prd_review_score, prd_tag, os_name	"Rround, https://store.rround.com/product/detail/5105, https://store.rround.com/product/detail/5105, store/product/detail/5105, pageview, 상품상세
, 5105, 트리밀데이즈 루테인 밀크씨슬 프리미엄 900mg*30캡슐, 제이앤스토어, 15900원, 10800원, 32%, 0, 0, #한미양행___#CMG제약___#트리밀데이즈___#영양제___#비타민, iOS"	16
커머스	7-0. 상품 상세 페이지 - 공통	구매하기 버튼 클릭 (옵션 선택 전)	click	구매 버튼	page_id, tab_name, prd_code, prd_brand, prd_name, prd_price_origin, prd_price_final, prd_disc_rate, prd_tag, prd_review_score, prd_review_cnt, click_text	{{page_id}}, {{탭 이름}}, {{상품 코드}}, {{브랜드}}, {{상품명}}, {{가격}}, {{할인 가격}}, {{할인율}}, {{상품 태그}}, {{별 점}}, {{리뷰 수}}, {{버튼 이름}}	46	store/product/detail/5105	구매 버튼	click	구매하기	channel, page_url, page_id, act_type, click_text, click_type, tab_name, prd_code, prd_name, prd_price_origin, prd_price_final, prd_disc_rate, prd_review_cnt, prd_review_score, prd_tag, os_name	"Rround, https://store.rround.com/product/detail/5105, store/product/detail/5105, click, 구매하기, 구매 버튼, 상품상세
, 5105, 트리밀데이즈 루테인 밀크씨슬 프리미엄 900mg*30캡슐, 15900원, 10800원, 32%, 0, 0, #한미양행___#CMG제약___#트리밀데이즈___#영양제___#비타민, iOS"	16
커머스	7-0. 상품 상세 페이지 - 공통	바로 구매하기/원터치 결제하기 버튼 클릭 (옵션 선택 후)	click	구매 버튼	page_id, tab_name, prd_code, prd_option, total_quantity, total_price_origin, total_price_final, click_text	{{page_id}}, {{탭 이름}}, {{상품 코드}}, {{옵션}}, {{총 수량}}, {{총 금액}}, {{최대 할인가}}, {{버튼 이름}}	47	store/order/payment		pageview		channel, page_url, referer_url, page_id, act_type, prd_code, prd_name, prd_brand, total_price_origin, total_price_disc, total_price_final, total_delivery_price, use_rrpay_point, rrpay_point, os_name	Rround, https://store.rround.com/order/payment?selectedCartId=[27035], https://store.rround.com/product/detail/5105, store/order/payment, pageview, 5105, 트리밀데이즈 루테인 밀크씨슬 프리미엄 900mg*30캡슐, 제이앤스토어, 15900원, -5100원, 10800원, 0원, -0원, 51원, iOS	15
커머스	7-0. 상품 상세 페이지 - 공통	장바구니 담기 버튼 클릭 (옵션 선택 후)	click	장바구니 버튼	page_id, tab_name, prd_code, prd_option, total_quantity, total_price_origin, total_price_final, click_text	{{page_id}}, {{탭 이름}}, {{상품 코드}}, {{옵션}}, {{총 수량}}, {{총 금액}}, {{최대 할인가}}, {{버튼 이름}}	48	store/product/detail/508	장바구니 버튼	click	장바구니 담기	channel, page_url, page_id, act_type, click_text, click_type, tab_name, prd_code, prd_name, prd_price_origin, prd_price_final, prd_disc_rate, prd_review_cnt, prd_review_score, prd_tag, os_name	"Rround, https://store.rround.com/product/detail/508, store/product/detail/508, click, 장바구니 담기, 장바구니 버튼, 상품상세
, 508, [코오롱제약] 알티지오메가3 멀티플러스 (1023mg*30캡슐), 70000원, 10900원, 84%, 28, 4.8, #오메가3___#알티지오메가___#코오롱제약___#식품___#영양제___#캡슐___#멀티플러스___#건강식품, iOS"	16
커머스	7-0. 상품 상세 페이지 - 공통	재입고 알림 신청 버튼 클릭	click	재입고 알림 신청 버튼	page_id, tab_name, prd_code, prd_brand, prd_name, prd_price_origin, prd_price_final, prd_disc_rate, prd_tag, prd_review_score, prd_review_cnt, click_text	{{page_id}}, {{탭 이름}}, {{상품 코드}}, {{브랜드}}, {{상품명}}, {{가격}}, {{할인 가격}}, {{할인율}}, {{상품 태그}}, {{별 점}}, {{리뷰 수}}, {{버튼 이름}}								
커머스	7-0. 상품 상세 페이지 - 공통	탭 클릭	click	탭	page_id, tab_name, prd_code, click_text	{{page_id}}, {{탭 이름}}, {{상품코드}}, {{클릭 탭 이름}}	50	store/product/detail/5105		pageview		channel, page_url, referer_url, page_id, act_type, tab_name, prd_code, prd_name, prd_brand, prd_price_origin, prd_disc_rate, prd_review_cnt, prd_review_score, prd_tag, os_name	"Rround, https://store.rround.com/product/detail/5105, https://store.rround.com/product/detail/5105, store/product/detail/5105, pageview, 리뷰 
, 5105, 트리밀데이즈 루테인 밀크씨슬 프리미엄 900mg*30캡슐, 제이앤스토어, 15900원, 32%, 0, 0, #한미양행___#CMG제약___#트리밀데이즈___#영양제___#비타민, iOS"	15
커머스	7-0. 상품 상세 페이지 - 공통	상품 클릭 (있는 정보만 수집)	click	상품	page_id, tab_name, area_name, prd_code, prd_order, prd_brand, prd_name, prd_price_origin, prd_price_final, prd_disc_rate, prd_tag, prd_review_score, prd_review_cnt, prd_is_ad	{{page_id}}, {{탭 이름}}, {{영역 TEXT}}, {{상품 코드}}, {{상품 순서}}, {{브랜드}}, {{상품명}}, {{가격}}, {{할인 가격}}, {{할인율}}, {{상품 태그}}, {{별 점}}, {{리뷰 수}}, {{광고 상품 여부}}	51	store/product/detail/4513	상품	click	[코오롱제약] 알티지오메가3 멀티플러스 (1023mg*30캡슐)	channel, page_url, page_id, act_type, click_text, click_type, area_name, tab_name, prd_code, prd_name, prd_brand, prd_price_origin, prd_price_final, prd_disc_rate, prd_review_cnt, prd_review_score, prd_is_ad, el_order, os_name	"Rround, https://store.rround.com/product/detail/4513, store/product/detail/4513, click, [코오롱제약] 알티지오메가3 멀티플러스 (1023mg*30캡슐), 상품, 같이 둘러볼만한 다양한 스토어 상품 추천드려요, 상품상세
, 508, [코오롱제약] 알티지오메가3 멀티플러스 (1023mg*30캡슐), BIZLINE, 70000원, 10900원, 84%, 28, 4.8, F, 2, iOS"	19
커머스	7-0. 상품 상세 페이지 - 공통	찜하기 클릭 - 상품 찜하기 (있는 정보만 수집)	click	상품 찜하기	page_id, tab_name, area_name, prd_code, prd_order, prd_brand, prd_name, prd_price_origin, prd_price_final, prd_disc_rate, prd_tag, prd_review_score, prd_review_cnt, prd_is_ad	{{page_id}}, {{탭 이름}}, {{영역 TEXT}}, {{상품 코드}}, {{상품 순서}}, {{브랜드}}, {{상품명}}, {{가격}}, {{할인 가격}}, {{할인율}}, {{상품 태그}}, {{별 점}}, {{리뷰 수}}, {{광고 상품 여부}}	52	store/product/detail/5105	상품 찜하기	click		channel, page_url, page_id, act_type, click_type, tab_name, prd_code, prd_name, prd_price_origin, prd_price_final, prd_disc_rate, prd_review_cnt, prd_review_score, prd_tag, os_name	"Rround, https://store.rround.com/product/detail/5105, store/product/detail/5105, click, 상품 찜하기, 상품상세
, 5105, 트리밀데이즈 루테인 밀크씨슬 프리미엄 900mg*30캡슐, 15900원, 10800원, 32%, 0, 0, #한미양행___#CMG제약___#트리밀데이즈___#영양제___#비타민, iOS"	15
커머스	7-0. 상품 상세 페이지 - 공통	찜하기 클릭 - 스토어 찜하기 (있는 정보만 수집)	click	스토어 찜하기	page_id, tab_name, area_name, store_id, store_name	{{page_id}}, {{탭 이름}}, {{영역 TEXT}}, {{스토어 id}}, {{스토어명}}								
커머스	7-0. 상품 상세 페이지 - 공통	스토어 클릭	click	스토어	page_id, tab_name, prd_code, area_name, store_id, store_name	{{page_id}}, {{탭 이름}}, {{상품코드}}, {{영역 TEXT}}, {{스토어 id}}, {{스토어명}}	54	store/store/jncorp		click	제이앤스토어관심 고객0	channel, page_url, page_id, act_type, click_text, area_name, store_id, store_name, os_name	Rround, https://store.rround.com/store/jncorp, store/store/jncorp, click, 제이앤스토어관심 고객0, 라운드에서 지금 추천하는 스토어, jncorp, 제이앤스토어, iOS	9
커머스	7-1. 상품 상세 페이지 - 상품상세 탭	쿠폰받기 버튼 클릭	click	쿠폰 버튼	page_id, tab_name, prd_code, click_text	{{page_id}}, {{탭 이름}}, {{상품코드}}, {{버튼 이름}}								
커머스	7-1. 상품 상세 페이지 - 상품상세 탭	리뷰 클릭	click	리뷰	page_id, tab_name, prd_code, area_name, prd_review_id, prd_review_score	{{page_id}}, {{탭 이름}}, {{상품코드}}, {{영역 TEXT}}, {{리뷰 id}}, {{별 점}}	56	store/product/detail/508		click	리뷰 사진	channel, page_url, page_id, act_type, click_text, tab_name, prd_code, prd_name, prd_price_origin, prd_price_final, prd_disc_rate, prd_review_cnt, prd_review_score, prd_tag, os_name	"Rround, https://store.rround.com/product/detail/508, store/product/detail/508, click, 리뷰 사진, 상품상세
, 508, [코오롱제약] 알티지오메가3 멀티플러스 (1023mg*30캡슐), 70000원, 10900원, 84%, 28, 4.8, #오메가3___#알티지오메가___#코오롱제약___#식품___#영양제___#캡슐___#멀티플러스___#건강식품, iOS"	15
커머스	7-1. 상품 상세 페이지 - 상품상세 탭	배너 노출	impression		page_id, tab_name, prd_code, banner_id, banner_url, banner_order	{{page_id}}, {{탭 이름}}, {{상품코드}}, {{배너 id}}, {{배너 랜딩 url}}, {{배너 순서}}								
커머스	7-1. 상품 상세 페이지 - 상품상세 탭	배너 클릭	click	배너	page_id, tab_name, prd_code, banner_id, banner_url, banner_order	{{page_id}}, {{탭 이름}}, {{상품코드}}, {{배너 id}}, {{배너 랜딩 url}}, {{배너 순서}}								
커머스	7-2. 상품 상세 페이지 - 리뷰 탭	리뷰 클릭	click	리뷰	page_id, tab_name, prd_code, area_name, prd_review_id, prd_review_score	{{page_id}}, {{탭 이름}}, {{상품코드}}, {{영역 TEXT}}, {{리뷰 id}}, {{별 점}}	59	store/product/detail/508	리뷰	click	리뷰 이미지 1	channel, page_url, page_id, act_type, click_text, click_type, area_name, tab_name, prd_code, prd_name, prd_price_origin, prd_price_final, prd_disc_rate, prd_review_score, prd_tag, os_name	"Rround, https://store.rround.com/product/detail/508, store/product/detail/508, click, 리뷰 이미지 1, 리뷰, 전체 리뷰, 리뷰 
, 508, [코오롱제약] 알티지오메가3 멀티플러스 (1023mg*30캡슐), 70000원, 10900원, 84%, 5, #오메가3___#알티지오메가___#코오롱제약___#식품___#영양제___#캡슐___#멀티플러스___#건강식품, iOS"	16
커머스	7-3. 상품 상세 페이지 - 상품문의 탭	상품 문의 작성하기> 버튼 클릭	click	상품 문의 버튼	page_id, tab_name, prd_code, click_text	{{page_id}}, {{탭 이름}}, {{상품코드}}, {{버튼 이름}}	60	store/product/detail/8038		click	상품 문의 작성하기	channel, page_url, page_id, act_type, click_text, tab_name, prd_code, prd_name, prd_price_origin, prd_price_final, prd_disc_rate, prd_review_cnt, prd_review_score, prd_tag, os_name	"Rround, https://store.rround.com/product/detail/8038, store/product/detail/8038, click, 상품 문의 작성하기, 상품문의 
, 8038, 바비리스 버터 바 스트레이트너 ST520K, 59000원, 26000원, 55%, 0, 0, #고데기___#고대기___#여행용고데기___#미용실고데기___#뿌리볼륨고데기___#가벼운고데기___#스트레이트너___#매직기___#바비리스고데기___#웨이브고데기___#온도조절고데기, iOS"	15
커머스	8. 장바구니 페이지	장바구니 페이지 조회	pageview		page_id, prd_code	{{page_id}}, {{상품코드}}								
커머스	8. 장바구니 페이지	구매하기 버튼 클릭 (한 상품 구매)	click	구매 버튼	page_id, prd_code, prd_brand, prd_name, prd_price_final, delivery_price, click_text	{{page_id}}, {{상품 코드}}, {{브랜드}}, {{상품명}}, {{상품금액}}, {{배송비}}, {{버튼 이름}}	62	store/order/cart		pageview		channel, page_url, referer_url, page_id, act_type, prd_code, os_name	Rround, https://store.rround.com/order/cart, https://store.rround.com/product/detail/8038, store/order/cart, pageview, 508, iOS	7
커머스	8. 장바구니 페이지	00000원 구매하기 버튼 클릭 (선택한 상품 리스트 구매)	click	구매 버튼	page_id, prd_code, prd_brand, prd_name, prd_price_final, delivery_price, total_price_origin, total_price_disc, total_delivery_price, total_price_final, click_text	{{page_id}}, {{상품 코드}}, {{브랜드}}, {{상품명}}, {{상품금액}}, {{배송비}}, {{선택상품금액}}, {{즉시할인금액}}, {{총 배송비}}, {{총 결제예정금액}}, {{버튼 이름}}	63	store/order/cart	구매 버튼	click	48200원 구매하기	channel, page_url, page_id, act_type, click_text, click_type, prd_code, prd_name, prd_brand, prd_price_final, delivery_price, total_price_origin, total_price_disc, total_price_final, total_delivery_price, os_name	Rround, https://store.rround.com/order/cart, store/order/cart, click, 48200원 구매하기, 구매 버튼, 6896___6897, [비타그램] 말랑말랑 보들 좌욕기 VG-PB0823___[비타그램] 면황토 아로마 냉온 찜질팩 3종세트 (허리/다용도사각/목어깨), 진인프라___진인프라, 9800원___38400원, 0원, 70000원, -21800원, 48200원, 0원, iOS	16
커머스	8. 장바구니 페이지	쿠폰받기 버튼 클릭	click	쿠폰 버튼	page_id, store_id, store_name, click_text	{{page_id}}, {{스토어id}}, {{스토어명}}, {{버튼 이름}}								
커머스	8. 장바구니 페이지	상품 클릭 (있는 정보만 수집)	click	상품	page_id, area_name, prd_code, prd_order, prd_brand, prd_name, prd_price_origin, prd_price_final, prd_disc_rate, prd_review_score, prd_review_cnt, prd_is_ad	{{page_id}}, {{영역 TEXT}}, {{상품 코드}}, {{상품 순서}}, {{브랜드}}, {{상품명}}, {{가격}}, {{할인 가격}}, {{할인율}}, {{별 점}}, {{리뷰 수}}, {{광고 상품 여부}}	65	store/order/cart	상품	click	[비타그램] 면황토 아로마 냉온 찜질팩 3종세트 (허리/다용도사각/목어깨)	channel, page_url, page_id, act_type, click_text, click_type, prd_code, prd_name, prd_brand, prd_price_origin, prd_price_final, prd_disc_rate, prd_is_ad, os_name	Rround, https://store.rround.com/order/cart, store/order/cart, click, [비타그램] 면황토 아로마 냉온 찜질팩 3종세트 (허리/다용도사각/목어깨), 상품, 6897, [비타그램] 면황토 아로마 냉온 찜질팩 3종세트 (허리/다용도사각/목어깨), 진인프라, 50000원, 38400원, 23%, F, iOS	14
커머스	8. 장바구니 페이지	찜하기 클릭 - 상품 찜하기 (있는 정보만 수집)	click	상품 찜하기	page_id, area_name, prd_code, prd_order, prd_brand, prd_name, prd_price_origin, prd_price_final, prd_disc_rate, prd_review_score, prd_review_cnt, prd_is_ad	{{page_id}}, {{영역 TEXT}}, {{상품 코드}}, {{상품 순서}}, {{브랜드}}, {{상품명}}, {{가격}}, {{할인 가격}}, {{할인율}}, {{별 점}}, {{리뷰 수}}, {{광고 상품 여부}}	66	store/order/cart	상품 찜하기	click		channel, page_url, page_id, act_type, click_type, prd_code, prd_name, prd_brand, prd_price_origin, prd_price_final, prd_disc_rate, prd_is_ad, os_name	Rround, https://store.rround.com/order/cart, store/order/cart, click, 상품 찜하기, 6828, [테팔] 에센셜 포켓 드라이기 HV1515, MallRaon, 50000원, 23000원, 54%, F, iOS	13
커머스	9. 주문결제 페이지	주문결제 페이지 조회	pageview		page_id, prd_code, prd_brand, prd_name, prd_price_final, delivery_price, total_price_origin, total_price_disc, use_rrpay_point, total_delivery_price, total_price_final, rrpay_point	{{page_id}}, {{상품 코드}}, {{브랜드}}, {{상품명}}, {{상품금액}}, {{배송비}}, {{총 상품 금액}}, {{총 할인 금액}}, {{라운드 페이 포인트 사용}}, {{총 배송비}}, {{총 결제 금액}}, {{보유 라운드 페이 포인트}}								
커머스	9. 주문결제 페이지	00000원 결제하기 버튼 클릭	click	결제 버튼	page_id, prd_code, prd_brand, prd_name, prd_price_final, delivery_price, total_price_origin, total_price_disc, use_rrpay_point, total_delivery_price, total_price_final, rrpay_point, pay_method, click_text	{{page_id}}, {{상품 코드}}, {{브랜드}}, {{상품명}}, {{상품금액}}, {{배송비}}, {{총 상품 금액}}, {{총 할인 금액}}, {{라운드 페이 포인트 사용}}, {{총 배송비}}, {{총 결제 금액}}, {{보유 라운드 페이 포인트}}, {{결제수단명}}, {{버튼 이름}}	68	store/order/payment		click	48200원 결제하기	channel, page_url, page_id, act_type, click_text, prd_code, prd_brand, total_price_origin, total_price_disc, total_price_final, total_delivery_price, use_rrpay_point, rrpay_point, os_name	Rround, https://store.rround.com/order/payment?selectedCartId=[2757627564], store/order/payment, click, 48200원 결제하기, 6896___6897, 진인프라___진인프라, 70000원, -21800원, 48200원, 0원, -0원, 51원, iOS	14
커머스	10. 주문 완료 &amp; 결제 실패	주문 완료 페이지 조회	pageview		page_id, order_no, total_price_final, reward_price	{{page_id}}, {{주문 번호}}, {{총 결제 금액}}, {{적립예정 혜택}}								
커머스	10. 주문 완료 &amp; 결제 실패	결제 실패 페이지 조회	pageview		page_id, fail_reason	{{page_id}}, {{결제 실패 사유}}								
커머스	11-1. 쇼핑 검색 - 검색 메인(검색 전)	검색 메인(검색 전) 페이지 조회	pageview		page_id, srch_kwd	{{page_id}}, {{검색어}}	71	store/search		pageview		channel, page_url, referer_url, page_id, act_type, srch_kwd, os_name	Rround, https://store.rround.com/search, https://store.rround.com/main/home, store/search, pageview, 비스카 특가 구경하기!, iOS	7
커머스	11-1. 쇼핑 검색 - 검색 메인(검색 전)	검색 아이콘 클릭	click	검색 아이콘	page_id, srch_kwd_type, srch_kwd	{{page_id}}, {{검색어 타입}}, {{검색어}}	72	store/search	검색 아이콘	click		channel, page_url, page_id, act_type, click_type, srch_kwd, srch_kwd_type, os_name	Rround, https://store.rround.com/search, store/search, click, 검색 아이콘, 사과, 수동검색어, iOS	8
커머스	11-1. 쇼핑 검색 - 검색 메인(검색 전)	최근 검색어 클릭	click	최근 검색어	page_id, area_name, recent_kwd	{{page_id}}, {{영역TEXT}}, {{검색어}}								
커머스	11-1. 쇼핑 검색 - 검색 메인(검색 전)	추천 검색어 클릭	click	추천 검색어	page_id, area_name, rcmd_kwd, is_ad	{{page_id}}, {{영역TEXT}}, {{검색어}}, {{광고 여부}}	74	store/search	추천검색어	click	마스크팩	channel, page_url, page_id, act_type, click_text, click_type, area_name, os_name	Rround, https://store.rround.com/search, store/search, click, 마스크팩, 추천검색어, 추천 검색어, iOS	8
커머스	11-1. 쇼핑 검색 - 검색 메인(검색 전)	퀵버튼 클릭	click	퀵버튼	page_id, area_name, click_text	{{page_id}}, {{영역TEXT}}, {{퀵버튼 이름}}								
커머스	11-1. 쇼핑 검색 - 검색 메인(검색 전)	상품 클릭 (있는 정보만 수집)	click	상품	page_id, area_name, prd_code, prd_order, prd_brand, prd_name, prd_price_origin, prd_price_final, prd_disc_rate, prd_review_score, prd_review_cnt, prd_is_ad	{{page_id}}, {{영역 TEXT}}, {{상품 코드}}, {{상품 순서}}, {{브랜드}}, {{상품명}}, {{가격}}, {{할인 가격}}, {{할인율}}, {{별 점}}, {{리뷰 수}}, {{광고 상품 여부}}								
커머스	11-1. 쇼핑 검색 - 검색 메인(검색 전)	찜하기 클릭 - 상품 찜하기 (있는 정보만 수집)	click	상품 찜하기	page_id, area_name, prd_code, prd_order, prd_brand, prd_name, prd_price_origin, prd_price_final, prd_disc_rate, prd_review_score, prd_review_cnt, prd_is_ad	{{page_id}}, {{영역 TEXT}}, {{상품 코드}}, {{상품 순서}}, {{브랜드}}, {{상품명}}, {{가격}}, {{할인 가격}}, {{할인율}}, {{별 점}}, {{리뷰 수}}, {{광고 상품 여부}}								
커머스	11-1. 쇼핑 검색 - 검색 메인(검색 전)	리뷰 클릭	click	리뷰	page_id, area_name, prd_code, prd_review_id	{{page_id}}, {{영역 TEXT}}, {{상품코드}}, {{리뷰 id}}								
커머스	11-2. 쇼핑 검색 - 검색 결과	검색 결과 페이지 조회	pageview		page_id, srch_kwd	{{page_id}}, {{검색어}}	79	store/search/result		pageview		channel, page_url, referer_url, page_id, act_type, srch_kwd, os_name	Rround, https://store.rround.com/search/result?keyword=사과, https://store.rround.com/search, store/search/result, pageview, 사과, iOS	7
커머스	11-2. 쇼핑 검색 - 검색 결과	검색 아이콘 클릭	click	검색 아이콘	page_id, srch_kwd_type, srch_kwd	{{page_id}}, {{검색어 타입}}, {{검색어}}	80	store/search/result	검색 아이콘	click		channel, page_url, page_id, act_type, click_type, srch_kwd, srch_kwd_type, os_name	Rround, https://store.rround.com/search/result?keyword=수박, store/search/result, click, 검색 아이콘, 수박, 수동검색어, iOS	8
커머스	11-2. 쇼핑 검색 - 검색 결과	연관 검색어 클릭	click	연관 검색어	page_id, area_name, kwd	{{page_id}}, {{영역TEXT}}, {{검색어}}	81	store/search/result	연관검색어	click	맛있는수박	channel, page_url, page_id, act_type, click_text, click_type, srch_kwd, os_name	Rround, https://store.rround.com/search/result?keyword=맛있는수박, store/search/result, click, 맛있는수박, 연관검색어, 맛있는수박, iOS	8
커머스	11-2. 쇼핑 검색 - 검색 결과	추천 키워드 클릭	click	추천 키워드	page_id, area_name, rcmd_kwd	{{page_id}}, {{영역TEXT}}, {{검색어}}								
커머스	11-2. 쇼핑 검색 - 검색 결과	칩버튼 클릭	click	칩버튼	page_id, area_name, click_text	{{page_id}}, {{영역TEXT}}, {{칩버튼 이름}}	83	store/search/result	칩버튼	click	행복한하루	channel, page_url, page_id, act_type, click_text, click_type, area_name, os_name	Rround, https://store.rround.com/search/result?keyword=맛있는수박, store/search/result, click, 행복한하루, 칩버튼, 라운드8H4FFH님을 위한 맞춤 정보, iOS	8
커머스	11-2. 쇼핑 검색 - 검색 결과	상품 클릭 (있는 정보만 수집)	click	상품	page_id, area_name, prd_code, prd_order, prd_brand, prd_name, prd_price_origin, prd_price_final, prd_disc_rate, prd_review_score, prd_review_cnt, prd_is_ad	{{page_id}}, {{영역 TEXT}}, {{상품 코드}}, {{상품 순서}}, {{브랜드}}, {{상품명}}, {{가격}}, {{할인 가격}}, {{할인율}}, {{별 점}}, {{리뷰 수}}, {{광고 상품 여부}}	84	store/search/result	상품	click	[산해직송] 꿀단지 수박 고당도 정품 4kg 5kg 외	channel, page_url, page_id, act_type, click_text, click_type, area_name, tab_name, prd_code, prd_name, prd_brand, prd_price_origin, prd_disc_rate, prd_is_ad, el_order, os_name	"Rround, https://store.rround.com/search/result?keyword=수박, store/search/result, click, [산해직송] 꿀단지 수박 고당도 정품 4kg 5kg 외, 상품, 라운드8H4FFH님을 위한 맞춤 정보, For you
, 7950, [산해직송] 꿀단지 수박 고당도 정품 4kg 5kg 외, 산해직송, 14900원, 62%, F, 1, iOS"	16
커머스	11-2. 쇼핑 검색 - 검색 결과	찜하기 클릭 - 상품 찜하기 (있는 정보만 수집)	click	상품 찜하기	page_id, area_name, prd_code, prd_order, prd_brand, prd_name, prd_price_origin, prd_price_final, prd_disc_rate, prd_review_score, prd_review_cnt, prd_is_ad	{{page_id}}, {{영역 TEXT}}, {{상품 코드}}, {{상품 순서}}, {{브랜드}}, {{상품명}}, {{가격}}, {{할인 가격}}, {{할인율}}, {{별 점}}, {{리뷰 수}}, {{광고 상품 여부}}	85	store/search/result	상품 찜하기	click		channel, page_url, page_id, act_type, click_type, area_name, tab_name, prd_code, prd_name, prd_brand, prd_price_origin, prd_disc_rate, prd_is_ad, el_order, os_name	"Rround, https://store.rround.com/search/result?keyword=맛있는수박, store/search/result, click, 상품 찜하기, 라운드8H4FFH님을 위한 맞춤 정보, 행복한하루
, 2989, 산지직송 고당도 프리미엄 수박(정품), 행복한하루, 19800원, 59%, F, 2, iOS"	15
커머스	11-2. 쇼핑 검색 - 검색 결과	배너 노출	impression		page_id, banner_id, banner_url, banner_order	{{page_id}}, {{배너 id}}, {{배너 랜딩 url}}, {{배너 순서}}								
커머스	11-2. 쇼핑 검색 - 검색 결과	배너 클릭	click	배너	page_id, banner_id, banner_url, banner_order	{{page_id}}, {{배너 id}}, {{배너 랜딩 url}}, {{배너 순서}}								
커머스	11-2. 쇼핑 검색 - 검색 결과	리뷰 클릭	click	리뷰	page_id, area_name, prd_code, prd_review_id	{{page_id}}, {{영역 TEXT}}, {{상품코드}}, {{리뷰 id}}								
커머스	11-2. 쇼핑 검색 - 검색 결과	필터 클릭	click	필터	page_id, area_name, prd_filter	{{page_id}}, {{영역 TEXT}}, {{필터 이름}}	89	store/search/result	필터	click	필터	channel, page_url, page_id, act_type, click_text, click_type, os_name	Rround, https://store.rround.com/search/result?keyword=맛있는수박, store/search/result, click, 필터, 필터, iOS	7
커머스	12-1. 카테고리 - 카테고리 목록	카테고리 목록 조회	pageview		page_id	{{page_id}}	90	store/category		pageview		channel, page_url, referer_url, page_id, act_type, os_name	Rround, https://store.rround.com/category, https://store.rround.com/main/home, store/category, pageview, iOS	6
커머스	12-1. 카테고리 - 카테고리 목록	대카테고리 클릭	click	대카테고리	page_id, click_text, ctgr_id	{{page_id}}, {{대카테고리명}}, {{카테고리 코드}}	91	store/category/detail/9	대카테고리	click	홈인테리어	channel, page_url, page_id, act_type, click_text, click_type, ctgr_id, ctgr_depth1, os_name	Rround, https://store.rround.com/category/detail/9, store/category/detail/9, click, 홈인테리어, 대카테고리, 9, 식품, iOS	9
커머스	12-1. 카테고리 - 카테고리 목록	중카테고리 클릭	click	중카테고리	page_id, ctgr_depth1, click_text, ctgr_id	{{page_id}}, {{대카테고리명}}, {{중카테고리명}}, {{카테고리 코드}}	92	store/category/detail/27	중카테고리	click	수납/정리	channel, page_url, page_id, act_type, click_text, click_type, ctgr_id, ctgr_depth1, ctgr_depth2, ctgr_depth3, os_name	Rround, https://store.rround.com/category/detail/27, store/category/detail/27, click, 수납/정리, 중카테고리, 27, 식품, 수납/정리, 수납/정리, iOS	11
커머스	12-2. 카테고리 - 대카테고리	대카테고리 페이지 조회	pageview		page_id, ctgr_depth1, ctgr_id	{{page_id}}, {{대카테고리명}}, {{카테고리 코드}}	93	store/category/detail/9		pageview		channel, page_url, referer_url, page_id, act_type, ctgr_id, os_name	Rround, https://store.rround.com/category/detail/9, https://store.rround.com/category, store/category/detail/9, pageview, 9, iOS	7
커머스	12-2. 카테고리 - 대카테고리	더보기 클릭	click	중카테고리 더보기	page_id, ctgr_depth1, ctgr_id, click_text	{{page_id}}, {{대카테고리명}}, {{카테고리 코드}}, {{더보기 이름}}	94	store/category/detail/7	카테고리 더보기	click	카테고리 더보기	channel, page_url, page_id, act_type, click_text, click_type, ctgr_depth1, os_name	Rround, https://store.rround.com/category/detail/7, store/category/detail/7, click, 카테고리 더보기, 카테고리 더보기, 식품, iOS	8
커머스	12-2. 카테고리 - 대카테고리	중카테고리 클릭	click	중카테고리	page_id, ctgr_depth1, click_text, ctgr_id	{{page_id}}, {{대카테고리명}}, {{중카테고리명}}, {{카테고리 코드}}	95	store/category/detail/7	중카테고리	click	선물세트	channel, page_url, page_id, act_type, click_text, click_type, ctgr_depth1, os_name	Rround, https://store.rround.com/category/detail/7, store/category/detail/7, click, 선물세트, 중카테고리, 식품, iOS	8
커머스	12-2. 카테고리 - 대카테고리	상품 클릭 (있는 정보만 수집)	click	상품	page_id, ctgr_depth1, area_name, prd_code, prd_order, prd_brand, prd_name, prd_price_origin, prd_price_final, prd_disc_rate, prd_tag, prd_review_score, prd_review_cnt, prd_is_ad	{{page_id}}, {{대카테고리명}}, {{영역 TEXT}}, {{상품 코드}}, {{상품 순서}}, {{브랜드}}, {{상품명}}, {{가격}}, {{할인 가격}}, {{할인율}}, {{상품 태그}}, {{별 점}}, {{리뷰 수}}, {{광고 상품 여부}}	96	store/product/detail/3703		pageview		channel, page_url, referer_url, page_id, act_type, tab_name, prd_code, prd_name, prd_brand, prd_price_origin, prd_price_final, prd_disc_rate, prd_review_cnt, prd_review_score, prd_tag, os_name	"Rround, https://store.rround.com/product/detail/3703, https://store.rround.com/product/detail/641, store/product/detail/3703, pageview, 상품상세
, 3703, [동원] 고추참치 150g x 8캔, 이지앤웰스, 22400원, 20200원, 9%, 3, 5, #동원___#식품___#캔___#고추참치___#참치___#연어___#통조림, iOS"	16
커머스	12-2. 카테고리 - 대카테고리	찜하기 클릭 - 상품 찜하기 (있는 정보만 수집)	click	상품 찜하기	page_id, ctgr_depth1, area_name, prd_code, prd_order, prd_brand, prd_name, prd_price_origin, prd_price_final, prd_disc_rate, prd_tag, prd_review_score, prd_review_cnt, prd_is_ad	{{page_id}}, {{대카테고리명}}, {{영역 TEXT}}, {{상품 코드}}, {{상품 순서}}, {{브랜드}}, {{상품명}}, {{가격}}, {{할인 가격}}, {{할인율}}, {{상품 태그}}, {{별 점}}, {{리뷰 수}}, {{광고 상품 여부}}	97	store/category/detail/7	상품 찜하기	click		channel, page_url, page_id, act_type, click_type, area_name, ctgr_depth1, prd_code, prd_name, prd_brand, prd_price_origin, prd_price_final, prd_disc_rate, prd_review_cnt, prd_review_score, prd_is_ad, os_name	Rround, https://store.rround.com/category/detail/7, store/category/detail/7, click, 상품 찜하기, 라운드8H4FFH님을 위한 추천 상품, 식품, 4665, [에브리워터] 에브리워터 2lx6팩, 이지앤웰스, 5900원, 3600원, 38%, 294, 4.9, F, iOS	17
커머스	12-2. 카테고리 - 대카테고리	필터 클릭	click	필터	page_id, ctgr_depth1, area_name, prd_filter	{{page_id}}, {{대카테고리명}}, {{영역 TEXT}}, {{필터 이름}}	98	store/category/detail/7	필터	click	혜택	channel, page_url, page_id, act_type, click_text, click_type, ctgr_depth1, os_name	Rround, https://store.rround.com/category/detail/7, store/category/detail/7, click, 혜택, 필터, 식품, iOS	8
커머스	12-3. 카테고리 - 중카테고리	중카테고리 페이지 조회	pageview		page_id, ctgr_depth1, ctgr_depth2, ctgr_id	{{page_id}}, {{대카테고리명}}, {{중카테고리명}}, {{카테고리 코드}}	99	store/category/detail/27		pageview		channel, page_url, referer_url, page_id, act_type, ctgr_id, os_name	Rround, https://store.rround.com/category/detail/27, https://store.rround.com/category, store/category/detail/27, pageview, 27, iOS	7
커머스	12-3. 카테고리 - 중카테고리	소카테고리 클릭	click	소카테고리	page_id, ctgr_depth1, ctgr_depth2, click_text, ctgr_id	{{page_id}}, {{대카테고리명}}, {{중카테고리명}}, {{소카테고리명}}, {{카테고리 코드}}	100	store/category/detail/31	소카테고리	click	메이크업	channel, page_url, page_id, act_type, click_text, click_type, ctgr_depth1, ctgr_depth2, os_name	Rround, https://store.rround.com/category/detail/31, store/category/detail/31, click, 메이크업, 소카테고리, 뷰티, 스킨케어, iOS	9
커머스	12-3. 카테고리 - 중카테고리	상품 클릭 (있는 정보만 수집)	click	상품	page_id, ctgr_depth1, ctgr_depth2, area_name, prd_code, prd_order, prd_brand, prd_name, prd_price_origin, prd_price_final, prd_disc_rate, prd_tag, prd_review_score, prd_review_cnt, prd_is_ad	{{page_id}}, {{대카테고리명}}, {{중카테고리명}}, {{영역 TEXT}}, {{상품 코드}}, {{상품 순서}}, {{브랜드}}, {{상품명}}, {{가격}}, {{할인 가격}}, {{할인율}}, {{상품 태그}}, {{별 점}}, {{리뷰 수}}, {{광고 상품 여부}}	101	store/category/detail/19	상품	click	[설수련] 진 한방농축 5종세트	channel, page_url, page_id, act_type, click_text, click_type, area_name, ctgr_depth1, ctgr_depth2, prd_code, prd_name, prd_brand, prd_price_origin, prd_price_final, prd_disc_rate, prd_is_ad, os_name	Rround, https://store.rround.com/category/detail/19, store/category/detail/19, click, [설수련] 진 한방농축 5종세트, 상품, 라운드8H4FFH님을 위한 추천 상품, 뷰티, 선물세트, 5323, [설수련] 진 한방농축 5종세트, 살라망카, 99000원, 15900원, 83%, F, iOS	17
커머스	12-3. 카테고리 - 중카테고리	찜하기 클릭 - 상품 찜하기 (있는 정보만 수집)	click	상품 찜하기	page_id, ctgr_depth1, ctgr_depth2, area_name, prd_code, prd_order, prd_brand, prd_name, prd_price_origin, prd_price_final, prd_disc_rate, prd_tag, prd_review_score, prd_review_cnt, prd_is_ad	{{page_id}}, {{대카테고리명}}, {{중카테고리명}}, {{영역 TEXT}}, {{상품 코드}}, {{상품 순서}}, {{브랜드}}, {{상품명}}, {{가격}}, {{할인 가격}}, {{할인율}}, {{상품 태그}}, {{별 점}}, {{리뷰 수}}, {{광고 상품 여부}}	102	store/category/detail/19	상품 찜하기	click		channel, page_url, page_id, act_type, click_type, area_name, ctgr_depth1, ctgr_depth2, prd_code, prd_name, prd_brand, prd_price_origin, prd_price_final, prd_disc_rate, prd_is_ad, os_name	Rround, https://store.rround.com/category/detail/19, store/category/detail/19, click, 상품 찜하기, 라운드8H4FFH님을 위한 추천 상품, 뷰티, 선물세트, 5001, 밀크 바디세트 퍼퓸드 가브리엘 머스크 (바디워시 500g+바디로션 500g), 바틀 스토어, 69000원, 14700원, 78%, F, iOS	16
커머스	12-3. 카테고리 - 중카테고리	필터 클릭	click	필터	page_id, ctgr_depth1, ctgr_depth2, area_name, prd_filter	{{page_id}}, {{대카테고리명}}, {{중카테고리명}}, {{영역 TEXT}}, {{필터 이름}}	103	store/category/detail/19	필터	click	브랜드	channel, page_url, page_id, act_type, click_text, click_type, ctgr_depth1, ctgr_depth2, os_name	Rround, https://store.rround.com/category/detail/19, store/category/detail/19, click, 브랜드, 필터, 뷰티, 선물세트, iOS	9
커머스	12-4. 카테고리 - 소카테고리	소카테고리 페이지 조회	pageview		page_id, ctgr_depth1, ctgr_depth2, ctgr_depth3, ctgr_id	{{page_id}}, {{대카테고리명}}, {{중카테고리명}}, {{소카테고리명}}, {{카테고리 코드}}	104	store/category/detail/31		pageview		channel, page_url, referer_url, page_id, act_type, ctgr_id, os_name	Rround, https://store.rround.com/category/detail/31, https://store.rround.com/category/detail/31, store/category/detail/31, pageview, 31, iOS	7
커머스	12-4. 카테고리 - 소카테고리	소카테고리 클릭	click	소카테고리	page_id, ctgr_depth1, ctgr_depth2, click_text, ctgr_id	{{page_id}}, {{대카테고리명}}, {{중카테고리명}}, {{소카테고리명}}, {{카테고리 코드}}	105	store/category/detail/31	소카테고리	click	스킨케어	channel, page_url, page_id, act_type, click_text, click_type, ctgr_depth1, ctgr_depth2, os_name	Rround, https://store.rround.com/category/detail/31, store/category/detail/31, click, 스킨케어, 소카테고리, 뷰티, 스킨케어, iOS	9
커머스	12-4. 카테고리 - 소카테고리	상품 클릭 (있는 정보만 수집)	click	상품	page_id, ctgr_depth1, ctgr_depth2, ctgr_depth3, area_name, prd_code, prd_order, prd_brand, prd_name, prd_price_origin, prd_price_final, prd_disc_rate, prd_tag, prd_review_score, prd_review_cnt, prd_is_ad	{{page_id}}, {{대카테고리명}}, {{중카테고리명}}, {{소카테고리명}}, {{영역 TEXT}}, {{상품 코드}}, {{상품 순서}}, {{브랜드}}, {{상품명}}, {{가격}}, {{할인 가격}}, {{할인율}}, {{상품 태그}}, {{별 점}}, {{리뷰 수}}, {{광고 상품 여부}}	106	store/category/detail/31	상품	click	[AHC] 아우라 시크릿 톤업크림 스페셜 기획세트	channel, page_url, page_id, act_type, click_text, click_type, area_name, ctgr_depth1, ctgr_depth2, prd_code, prd_name, prd_brand, prd_price_origin, prd_price_final, prd_disc_rate, prd_review_cnt, prd_review_score, prd_is_ad, os_name	Rround, https://store.rround.com/category/detail/31, store/category/detail/31, click, [AHC] 아우라 시크릿 톤업크림 스페셜 기획세트, 상품, 라운드8H4FFH님을 위한 추천 상품, 뷰티, 메이크업, 4780, [AHC] 아우라 시크릿 톤업크림 스페셜 기획세트, 살라망카, 32000원, 21900원, 31%, 2, 5, F, iOS	19
커머스	12-4. 카테고리 - 소카테고리	찜하기 클릭 - 상품 찜하기 (있는 정보만 수집)	click	상품 찜하기	page_id, ctgr_depth1, ctgr_depth2, ctgr_depth3, area_name, prd_code, prd_order, prd_brand, prd_name, prd_price_origin, prd_price_final, prd_disc_rate, prd_tag, prd_review_score, prd_review_cnt, prd_is_ad	{{page_id}}, {{대카테고리명}}, {{중카테고리명}}, {{소카테고리명}}, {{영역 TEXT}}, {{상품 코드}}, {{상품 순서}}, {{브랜드}}, {{상품명}}, {{가격}}, {{할인 가격}}, {{할인율}}, {{상품 태그}}, {{별 점}}, {{리뷰 수}}, {{광고 상품 여부}}	107	store/category/detail/31	상품 찜하기	click		channel, page_url, page_id, act_type, click_type, area_name, ctgr_depth1, ctgr_depth2, prd_code, prd_name, prd_brand, prd_price_origin, prd_price_final, prd_disc_rate, prd_review_cnt, prd_review_score, prd_is_ad, os_name	Rround, https://store.rround.com/category/detail/31, store/category/detail/31, click, 상품 찜하기, 라운드8H4FFH님을 위한 추천 상품, 뷰티, 메이크업, 4209, 365 썬BB크림 50ml(1+1), 타임세일, 50000원, 9900원, 80%, 13, 4.7, F, iOS	18
커머스	12-4. 카테고리 - 소카테고리	필터 클릭	click	필터	page_id, ctgr_depth1, ctgr_depth2, ctgr_depth3, area_name, prd_filter	{{page_id}}, {{대카테고리명}}, {{중카테고리명}}, {{소카테고리명}}, {{영역 TEXT}}, {{필터 이름}}	108	store/category/detail/31	필터	click	혜택	channel, page_url, page_id, act_type, click_text, click_type, ctgr_depth1, ctgr_depth2, os_name	Rround, https://store.rround.com/category/detail/31, store/category/detail/31, click, 혜택, 필터, 뷰티, 메이크업, iOS	9
커머스	13. 마이쇼핑	마이쇼핑 페이지 조회	pageview		page_id, reviewer_name, rrpay_point, balso_s_money, balso_cash, coupon_cnt, prd_review_cnt, balso_order_cnt, cart_prd_cnt, cancel_exchange_return_cnt, restock_alert_cnt, like_prd_cnt, like_store_cnt	{{page_id}}, {{리뷰어 프로필명}}, {{RR Pay 포인트}}, {{발로소득 보유 쇼핑 지원금}}, {{발로소득 보유 캐시}}, {{쿠폰}}, {{리뷰}}, {{발로소득 쇼핑 주문 내역}}, {{장바구니}}, {{취소/교환/반품}}, {{재입고 알림}}, {{찜한 상품}}, {{찜한 스토어}}	109	store/myPage		pageview		channel, page_url, referer_url, page_id, act_type, prd_review_cnt, coupon_cnt, rrpay_point, cart_prd_cnt, like_prd_cnt, like_store_cnt, os_name	Rround, https://store.rround.com/myPage, https://store.rround.com/main/home, store/myPage, pageview, 0, 0, 51원, 1, 9, 1, iOS	12
커머스	13. 마이쇼핑	장바구니 아이콘 클릭	click	장바구니 아이콘	page_id, reviewer_name, rrpay_point, balso_s_money, balso_cash, coupon_cnt, prd_review_cnt, balso_order_cnt, cart_prd_cnt, cancel_exchange_return_cnt, restock_alert_cnt, like_prd_cnt, like_store_cnt	{{page_id}}, {{리뷰어 프로필명}}, {{RR Pay 포인트}}, {{발로소득 보유 쇼핑 지원금}}, {{발로소득 보유 캐시}}, {{쿠폰}}, {{리뷰}}, {{발로소득 쇼핑 주문 내역}}, {{장바구니 제품}}, {{취소/교환/반품}}, {{재입고 알림}}, {{찜한 상품}}, {{찜한 스토어}}	110	store/order/cart	장바구니 아이콘	click	2	channel, page_url, page_id, act_type, click_text, click_type, os_name	Rround, https://store.rround.com/order/cart, store/order/cart, click, 2, 장바구니 아이콘, iOS	7
커머스	13. 마이쇼핑	알림 아이콘 클릭	click	알림 아이콘	page_id, reviewer_name, rrpay_point, balso_s_money, balso_cash, coupon_cnt, prd_review_cnt, balso_order_cnt, cart_prd_cnt, cancel_exchange_return_cnt, restock_alert_cnt, like_prd_cnt, like_store_cnt	{{page_id}}, {{리뷰어 프로필명}}, {{RR Pay 포인트}}, {{발로소득 보유 쇼핑 지원금}}, {{발로소득 보유 캐시}}, {{쿠폰}}, {{리뷰}}, {{발로소득 쇼핑 주문 내역}}, {{장바구니}}, {{취소/교환/반품}}, {{재입고 알림}}, {{찜한 상품}}, {{찜한 스토어}}								
커머스	13. 마이쇼핑	설정 아이콘 클릭	click	설정 아이콘	page_id, reviewer_name, rrpay_point, balso_s_money, balso_cash, coupon_cnt, prd_review_cnt, balso_order_cnt, cart_prd_cnt, cancel_exchange_return_cnt, restock_alert_cnt, like_prd_cnt, like_store_cnt	{{page_id}}, {{리뷰어 프로필명}}, {{RR Pay 포인트}}, {{발로소득 보유 쇼핑 지원금}}, {{발로소득 보유 캐시}}, {{쿠폰}}, {{리뷰}}, {{발로소득 쇼핑 주문 내역}}, {{장바구니}}, {{취소/교환/반품}}, {{재입고 알림}}, {{찜한 상품}}, {{찜한 스토어}}								
커머스	13. 마이쇼핑	더보기 클릭	click	더보기	page_id, click_text	{{page_id}}, {{더보기 이름}}								
커머스	13. 마이쇼핑	상품 클릭 (있는 정보만 수집)	click	상품	page_id, area_name, prd_code, prd_order, prd_brand, prd_name, prd_price_origin, prd_price_final, prd_disc_rate, order_date	{{page_id}}, {{영역 TEXT}}, {{상품 코드}}, {{상품 순서}}, {{브랜드}}, {{상품명}}, {{가격}}, {{할인 가격}}, {{할인율}}, {{주문일}}	114	store/myPage	상품	click	비스카 2in1 무선 핸디 스틱 차량용 청소기 BDC-V407C	channel, page_url, page_id, act_type, click_text, click_type, area_name, prd_code, prd_name, prd_brand, prd_price_origin, prd_price_final, prd_disc_rate, prd_review_cnt, prd_review_score, prd_is_ad, coupon_cnt, rrpay_point, cart_prd_cnt, like_prd_cnt, like_store_cnt, os_name	Rround, https://store.rround.com/myPage, store/myPage, click, 비스카 2in1 무선 핸디 스틱 차량용 청소기 BDC-V407C, 상품, 함께 둘러보실래요?, 659, 비스카 2in1 무선 핸디 스틱 차량용 청소기 BDC-V407C, 빅픽처코퍼레이션, 69900원, 37900원, 45%, 5, 4.6, F, 0, 51원, 1, 9, 1, iOS	22
커머스	13. 마이쇼핑	찜하기 클릭 - 상품 찜하기 (있는 정보만 수집)	click	상품 찜하기	page_id, area_name, prd_code, prd_order, prd_brand, prd_name, prd_price_origin, prd_price_final, prd_disc_rate, order_date	{{page_id}}, {{영역 TEXT}}, {{상품 코드}}, {{상품 순서}}, {{브랜드}}, {{상품명}}, {{가격}}, {{할인 가격}}, {{할인율}}, {{주문일}}	115	store/myPage	상품 찜하기	click		channel, page_url, page_id, act_type, click_type, area_name, prd_code, prd_name, prd_brand, prd_price_origin, prd_price_final, prd_disc_rate, prd_review_cnt, prd_review_score, prd_is_ad, os_name	Rround, https://store.rround.com/myPage, store/myPage, click, 상품 찜하기, 함께 둘러보실래요?, 641, 비스카 차량용 유선 핸디청소기 HNZ-CV12, 빅픽처코퍼레이션, 49900원, 20900원, 58%, 3, 5, F, iOS	16
커머스	14. 찜한 목록	찜한 목록 페이지 조회	pageview		page_id, tab_name, prd_code, prd_brand, prd_name, prd_price_origin, prd_price_final, prd_disc_rate, store_id, store_name	{{page_id}}, {{탭 이름}}, {{상품 코드}}, {{브랜드}}, {{상품명}}, {{가격}}, {{할인 가격}}, {{할인율}}, {{스토어 id}}, {{스토어명}}	116	store/favorite		pageview		channel, page_url, referer_url, page_id, act_type, tab_name, prd_code, prd_name, prd_price_origin, prd_price_final, prd_disc_rate, os_name	"Rround, https://store.rround.com/favorite?fromMypage=true&amp;tab=goods, https://store.rround.com/myPage, store/favorite, pageview, 찜한 상품
, 641___2097___5001___4209___4665___2989___6828___8070___5768___8038, 비스카 차량용 유선 핸디청소기 HNZ-CV12___오아 클린벨 차량용 무선 미니 진공 청소기___밀크 바디세트 퍼퓸드 가브리엘 머스크 (바디워시 500g+바디로션 500g)___365 썬BB크림 50ml(1+1)___[에브리워터] 에브리워터 2lx6팩___산지직송 고당도 프리미엄 수박(정품)___[테팔] 에센셜 포켓 드라이기 HV1515___[닥터포헤어] 1+1 바이오3 탈모완화 샴푸 500ml___슈즈랙 신발정리대 20p___바비리스 버터 바 스트레이트너 ST520K, 0___0___0___0___0___0___0___0___0___0, 20900원___46900원___14700원___9900원___3600원___19800원___23000원___28900원___11200원___26000원, 58%___9%___78%___80%___38%___59%___54%___9%___20%___55%, iOS"	12
커머스	14. 찜한 목록	탭 클릭	click	탭	page_id, tab_name, click_text	{{page_id}}, {{탭 이름}}, {{클릭 탭 이름}}	117	store/favorite		pageview		channel, page_url, referer_url, page_id, act_type, tab_name, store_name, os_name	"Rround, https://store.rround.com/favorite?fromMypage=true&amp;tab=goods, https://store.rround.com/favorite, store/favorite, pageview, 찜한 스토어
, 제이앤스토어, iOS"	8
커머스	14. 찜한 목록	카테고리 탭 클릭	click	카테고리 탭	page_id, tab_name, click_text	{{page_id}}, {{탭 이름}}, {{카테고리 탭 이름}}								
커머스	14. 찜한 목록	칩버튼 클릭	click	칩버튼	page_id, tab_name, click_text	{{page_id}}, {{탭 이름}}, {{칩버튼 이름}}	119	store/favorite	칩버튼	click	마이그룹	channel, page_url, page_id, act_type, click_text, click_type, os_name	Rround, https://store.rround.com/favorite?fromMypage=true&amp;tab=goods, store/favorite, click, 마이그룹, 칩버튼, iOS	7
커머스	14. 찜한 목록	상품 클릭 (있는 정보만 수집)	click	상품	page_id, tab_name, prd_code, prd_order, prd_brand, prd_name, prd_price_origin, prd_price_final, prd_disc_rate	{{page_id}}, {{탭 이름}}, {{상품 코드}}, {{상품 순서}}, {{브랜드}}, {{상품명}}, {{가격}}, {{할인 가격}}, {{할인율}}	120	store/favorite	상품	click	[테팔] 에센셜 포켓 드라이기 HV1515	channel, page_url, page_id, act_type, click_text, click_type, prd_code, prd_name, prd_price_origin, prd_price_final, prd_disc_rate, prd_is_ad, os_name	Rround, https://store.rround.com/favorite?fromMypage=true&amp;tab=goods, store/favorite, click, [테팔] 에센셜 포켓 드라이기 HV1515, 상품, 6828, [테팔] 에센셜 포켓 드라이기 HV1515, 23000원, 54#000원, 54%, F, iOS	13
커머스	14. 찜한 목록	스토어 클릭	click	스토어	page_id, tab_name, store_id, store_name	{{page_id}}, {{탭 이름}}, {{스토어id}}, {{스토어명}}	121	store/store/jncorp		click	제이앤스토어	channel, page_url, page_id, act_type, click_text, store_id, os_name	Rround, https://store.rround.com/store/jncorp, store/store/jncorp, click, 제이앤스토어, jncorp, iOS	7
커머스	15. 최근 본 목록	최근 본 목록 페이지 조회	pageview		page_id, area_name, prd_code, prd_brand, prd_name, prd_price_origin, prd_price_final, prd_disc_rate	{{page_id}}, {{영역 TEXT}}, {{상품 코드}}, {{브랜드}}, {{상품명}}, {{가격}}, {{할인 가격}}, {{할인율}}	122	store/myPage/recentGoods		pageview		channel, page_url, referer_url, page_id, act_type, prd_code, prd_name, prd_price_origin, prd_price_final, prd_disc_rate, os_name	Rround, https://store.rround.com/myPage/recentGoods, https://store.rround.com/myPage, store/myPage/recentGoods, pageview, 6828___659___5323___4209___4780___3703___7950___6896___6897, [테팔] 에센셜 포켓 드라이기 HV1515___비스카 2in1 무선 핸디 스틱 차량용 청소기 BDC-V407C___[설수련] 진 한방농축 5종세트___365 썬BB크림 50ml(1+1)___[AHC] 아우라 시크릿 톤업크림 스페셜 기획세트___[동원] 고추참치 150g x 8캔___[산해직송] 꿀단지 수박 고당도 정품 4kg 5kg 외___[비타그램] 말랑말랑 보들 좌욕기 VG-PB0823___[비타그램] 면황토 아로마 냉온 찜질팩 3종세트 (허리/다용도사각/목어깨), 0___0___0___0___0___0___0___0___0, 23000원___37900원___15900원___9900원___21900원___20200원___14900원___9800원___38400원, 54%___45%___83%___80%___31%___9%___62%___51%___23%, iOS	11
커머스	15. 최근 본 목록	상품 클릭 (있는 정보만 수집)	click	상품	page_id, area_name, prd_code, prd_order, prd_brand, prd_name, prd_price_origin, prd_price_final, prd_disc_rate	{{page_id}}, {{영역 TEXT}}, {{상품 코드}}, {{상품 순서}}, {{브랜드}}, {{상품명}}, {{가격}}, {{할인 가격}}, {{할인율}}	123	store/myPage/recentGoods	상품	click	365 썬BB크림 50ml(1+1)	channel, page_url, page_id, act_type, click_text, click_type, area_name, prd_code, prd_name, prd_brand, prd_price_origin, prd_price_final, prd_disc_rate, prd_is_ad, os_name	Rround, https://store.rround.com/myPage/recentGoods, store/myPage/recentGoods, click, 365 썬BB크림 50ml(1+1), 상품, 2025.06.16, 4209, 365 썬BB크림 50ml(1+1), 타임세일, 9900원, 9900원, 80%, F, iOS	15
커머스	15. 최근 본 목록	찜하기 클릭 - 상품 찜하기 (있는 정보만 수집)	click	상품 찜하기	page_id, area_name, prd_code, prd_order, prd_brand, prd_name, prd_price_origin, prd_price_final, prd_disc_rate	{{page_id}}, {{영역 TEXT}}, {{상품 코드}}, {{상품 순서}}, {{브랜드}}, {{상품명}}, {{가격}}, {{할인 가격}}, {{할인율}}	124	store/myPage/recentGoods	상품 찜하기	click		channel, page_url, page_id, act_type, click_type, area_name, prd_code, prd_name, prd_brand, prd_price_origin, prd_price_final, prd_disc_rate, prd_is_ad, os_name	Rround, https://store.rround.com/myPage/recentGoods, store/myPage/recentGoods, click, 상품 찜하기, 2025.06.16, 5323, [설수련] 진 한방농축 5종세트, 살라망카, 15900원, 15900원, 83%, F, iOS	14
커머스	16-1. 리뷰 - 리뷰	리뷰 페이지 조회	pageview		page_id, tab_name, reviewer_name, reviewer_review_cnt, reviewer_good_cnt, prd_review_id, prd_review_score	{{page_id}}, {{탭 이름}}, {{리뷰어 프로필명}}, {{리뷰 수}}, {{칭찬 받은 수}}, {{리뷰id}}, {{별 점}}	125	store/myPage/review		pageview		channel, page_url, referer_url, page_id, act_type, reviewer_name, reviewer_good_cnt, os_name	Rround, https://store.rround.com/myPage/review, https://store.rround.com/myPage, store/myPage/review, pageview, 라운드8H4FFH, 0, iOS	8
커머스	16-1. 리뷰 - 리뷰	상품 클릭 (있는 정보만 수집)	click	상품	page_id, tab_name, prd_code, prd_order, prd_brand, prd_name, order_date, prd_review_score	{{page_id}}, {{탭 이름}}, {{상품 코드}}, {{상품 순서}}, {{브랜드}}, {{상품명}}, {{구매 날짜}}, {{별 점}}								
커머스	16-1. 리뷰 - 리뷰	리뷰 작성하기 클릭	click	리뷰 작성	page_id, tab_name, click_text	{{page_id}}, {{탭 이름}}, {{버튼 이름}}								
커머스	16-1. 리뷰 - 리뷰	리뷰어 클릭	click	리뷰어 프로필	page_id, tab_name, reviewer_name, reviewer_review_cnt, reviewer_good_cnt	{{page_id}}, {{탭 이름}}, {{리뷰어 프로필명}}, {{리뷰 수}}, {{칭찬 받은 수}}								
커머스	16-1. 리뷰 - 리뷰	더보기 클릭	click	리뷰어 랭킹 더보기	page_id, tab_name, click_text	{{page_id}}, {{탭 이름}}, {{더보기 이름}}								
커머스	16-2. 리뷰 - 리뷰어 랭킹	리뷰어 랭킹 페이지 조회	pageview		page_id	{{page_id}}	130	store/myPage/review/reviewerranking		pageview		channel, page_url, referer_url, page_id, act_type, os_name	Rround, https://store.rround.com/myPage/review/reviewerranking, https://store.rround.com/myPage/review, store/myPage/review/reviewerranking, pageview, iOS	6
커머스	16-2. 리뷰 - 리뷰어 랭킹	리뷰어 클릭	click	리뷰어 프로필	page_id, reviewer_name, reviewer_review_cnt, reviewer_good_cnt	{{page_id}}, {{리뷰어 프로필명}}, {{리뷰 수}}, {{칭찬 받은 수}}								
커머스	16-2. 리뷰 - 리뷰어 랭킹	리뷰 클릭	click	리뷰	page_id, reviewer_name, prd_review_id, prd_review_score, prd_code, prd_brand, prd_name	{{page_id}}, {{리뷰어 프로필명}}, {{리뷰id}}, {{별 점}}, {{상품코드}}, {{브랜드}}, {{상품명}}								
커머스	16-3. 리뷰 - 리뷰 프로필	리뷰어 프로필 페이지 조회	pageview		page_id, reviewer_name, reviewer_review_cnt, reviewer_good_cnt	{{page_id}}, {{리뷰어 프로필명}}, {{리뷰 수}}, {{칭찬 받은 수}}								
커머스	16-3. 리뷰 - 리뷰 프로필	상품 클릭 (있는 정보만 수집)	click	상품	page_id, reviewer_name, prd_code, prd_brand, prd_name, order_date, prd_review_score	{{page_id}}, {{리뷰어 프로필명}}, {{상품코드}}, {{브랜드}}, {{상품명}}, {{구매 날짜}}, {{별 점}}								
커머스	16-4. 리뷰 - 리뷰 상세보기	리뷰 상세보기 페이지 조회	pageview		page_id, reviewer_name, prd_review_id, prd_review_score	{{page_id}}, {{리뷰어 프로필명}}, {{리뷰 id}}, {{별 점}}								
커머스	17-0. 브랜드 스토어 - 공통	브랜드 스토어 페이지 조회	pageview		page_id, store_id, store_name, tab_name	{{page_id}}, {{스토어 id}}, {{스토어명}}, {{탭 이름}}								
커머스	17-0. 브랜드 스토어 - 공통	탭 클릭	click	탭	page_id, store_id, store_name, tab_name, click_text	{{page_id}}, {{스토어 id}}, {{스토어명}}, {{탭 이름}}, {{클릭 탭 이름}}								
커머스	17-0. 브랜드 스토어 - 공통	스토어 쿠폰받기 버튼 클릭	click	쿠폰 버튼	page_id, store_id, store_name, click_text	{{page_id}}, {{스토어 id}}, {{스토어명}}, {{버튼 이름}}								
커머스	17-0. 브랜드 스토어 - 공통	찜하기 클릭 - 스토어 찜하기 (있는 정보만 수집)	click	스토어 찜하기	page_id, store_id, store_name	{{page_id}}, {{스토어 id}}, {{스토어명}}								
커머스	17-0. 브랜드 스토어 - 공통	알림 버튼 클릭	click	알림 버튼	page_id, store_id, store_name, click_text	{{page_id}}, {{스토어 id}}, {{스토어명}}, {{버튼 이름}}								
커머스	17-1. 브랜드 스토어 - 상품	상품 클릭 (있는 정보만 수집)	click	상품	page_id, store_id, store_name, tab_name, area_name, prd_code, prd_order, prd_brand, prd_name, prd_price_origin, prd_price_final, prd_disc_rate, prd_tag, prd_review_score, prd_review_cnt, prd_is_ad	{{page_id}}, {{스토어 id}}, {{스토어명}}, {{탭 이름}}, {{영역 TEXT}}, {{상품 코드}}, {{상품 순서}}, {{브랜드}}, {{상품명}}, {{가격}}, {{할인 가격}}, {{할인율}}, {{상품 태그}}, {{별 점}}, {{리뷰 수}}, {{광고 상품 여부}}								
커머스	17-1. 브랜드 스토어 - 상품	찜하기 클릭 - 상품 찜하기 (있는 정보만 수집)	click	상품 찜하기	page_id, store_id, store_name, tab_name, area_name, prd_code, prd_order, prd_brand, prd_name, prd_price_origin, prd_price_final, prd_disc_rate, prd_tag, prd_review_score, prd_review_cnt, prd_is_ad	{{page_id}}, {{스토어 id}}, {{스토어명}}, {{탭 이름}}, {{영역 TEXT}}, {{상품 코드}}, {{상품 순서}}, {{브랜드}}, {{상품명}}, {{가격}}, {{할인 가격}}, {{할인율}}, {{상품 태그}}, {{별 점}}, {{리뷰 수}}, {{광고 상품 여부}}								
커머스	17-1. 브랜드 스토어 - 상품	더보기 클릭	click	더보기	page_id, store_id, store_name, tab_name, area_name, click_text	{{page_id}}, {{스토어 id}}, {{스토어명}}, {{탭 이름}}, {{영역 TEXT}}, {{더보기 이름}}								
커머스	17-1. 브랜드 스토어 - 상품	카테고리 탭 클릭	click	카테고리 탭	page_id, store_id, store_name, tab_name, click_text	{{page_id}}, {{스토어 id}}, {{스토어명}}, {{탭 이름}}, {{카테고리 탭 이름}}								
커머스	17-1. 브랜드 스토어 - 상품	필터 클릭	click	필터	page_id, store_id, store_name, tab_name, prd_filter	{{page_id}}, {{스토어 id}}, {{스토어명}}, {{탭 이름}}, {{필터 이름}}								
커머스	17-2. 브랜드 스토어 - 리뷰	상품 클릭 (있는 정보만 수집)	click	상품	page_id, store_id, store_name, tab_name, area_name, prd_code, prd_order, prd_brand, prd_name, prd_review_score	{{page_id}}, {{스토어 id}}, {{스토어명}}, {{탭 이름}}, {{영역 TEXT}}, {{상품 코드}}, {{상품 순서}}, {{브랜드}}, {{상품명}}, {{별 점}}								
커머스	17-2. 브랜드 스토어 - 리뷰	필터 클릭	click	필터	page_id, store_id, store_name, tab_name, area_name, click_text	{{page_id}}, {{스토어 id}}, {{스토어명}}, {{탭 이름}}, {{영역 TEXT}}, {{필터 이름}}								
커머스	17-2. 브랜드 스토어 - 리뷰	칩버튼 클릭	click	칩버튼	page_id, store_id, store_name, tab_name, area_name, click_text	{{page_id}}, {{스토어 id}}, {{스토어명}}, {{탭 이름}}, {{영역 TEXT}}, {{칩버튼 이름}}								
커머스	17-3. 브랜드 스토어 - 콘텐츠	상품 클릭 (있는 정보만 수집)	click	상품	page_id, store_id, store_name, tab_name, area_name, prd_code, prd_order, prd_brand, prd_name, prd_price_origin, prd_price_final, prd_disc_rate	{{page_id}}, {{스토어 id}}, {{스토어명}}, {{탭 이름}}, {{영역 TEXT}}, {{상품 코드}}, {{상품 순서}}, {{브랜드}}, {{상품명}}, {{가격}}, {{할인 가격}}, {{할인율}}								
커머스	17-3. 브랜드 스토어 - 콘텐츠	찜하기 클릭 - 상품 찜하기 (있는 정보만 수집)	click	상품 찜하기	page_id, store_id, store_name, tab_name, area_name, prd_code, prd_order, prd_brand, prd_name, prd_price_origin, prd_price_final, prd_disc_rate	{{page_id}}, {{스토어 id}}, {{스토어명}}, {{탭 이름}}, {{영역 TEXT}}, {{상품 코드}}, {{상품 순서}}, {{브랜드}}, {{상품명}}, {{가격}}, {{할인 가격}}, {{할인율}}								
커머스	17-3. 브랜드 스토어 - 콘텐츠	필터 클릭	click	필터	page_id, store_id, store_name, tab_name, filter	{{page_id}}, {{스토어 id}}, {{스토어명}}, {{탭 이름}}, {{필터 이름}}								
커머스	17-3. 브랜드 스토어 - 콘텐츠	피드 클릭	click	피드	page_id, store_id, store_name, tab_name, feed_id, feed_writer	{{page_id}}, {{스토어 id}}, {{스토어명}}, {{탭 이름}}, {{피드 id}}, {{피드 작성자 프로필 id}}								
커머스	17-3. 브랜드 스토어 - 콘텐츠	피드 좋아요 클릭	click	피드 좋아요	page_id, store_id, store_name, tab_name, feed_id, feed_writer	{{page_id}}, {{스토어 id}}, {{스토어명}}, {{탭 이름}}, {{피드 id}}, {{피드 작성자 프로필 id}}								
커머스	18. 취소/교환/반품	취소 신청 완료 팝업 노출	popup	결제 취소 신청 완료	popup_msg	{{팝업 TEXT}}								
커머스	18. 취소/교환/반품	반품 신청 완료 팝업 노출	popup	반품 신청 완료	popup_msg	{{팝업 TEXT}}								